https://ih0.redbubble.net/image.879629534.6795/mug,travel,x1000,center-pad,750x1000,f8f8f8.u9.jpg
https://ih0.redbubble.net/image.869330878.6795/ur,blanket_medium_bed,wide_portrait,x1000.u9.jpg
https://ih1.redbubble.net/image.886323944.5021/ssrco,lightweight_hoodie,mens,black,front,tall_three_quarter,x1000-bg,f8f8f8.u3.jpg
https://img.buzzfeed.com/buzzfeed-static/static/2019-11/22/19/campaign_images/cb299e08724d/this-woman-yelling-at-a-cat-meme-is-still-my-favo-2-7263-1574449806-0_dblbig.jpg
https://photos.citybeat.com/wp-content/uploads/2019/11/Cincy-Cat-memes-2.jpg
https://s.hdnux.com/photos/01/07/12/73/18656995/3/480x480.jpg
https://i.kym-cdn.com/photos/images/newsfeed/001/505/746/5a0.jpg
https://cdn.ebaumsworld.com/2019/07/05/031621/86009017/womanyellingatcatmeme15.jpg
https://media.firstcoastnews.com/assets/WTLV/images/0dc41c22-7593-4fa3-9cdb-cf8c712961c6/0dc41c22-7593-4fa3-9cdb-cf8c712961c6_360x203.jpg
https://i.ytimg.com/vi/N2BW0YsxKfk/hqdefault.jpg
https://s.hdnux.com/photos/01/07/12/72/18656934/8/920x920.jpg
https://i.kym-cdn.com/photos/images/newsfeed/001/505/720/359.jpg
https://s.hdnux.com/photos/01/07/12/73/18657001/3/480x480.jpg
https://i.pinimg.com/originals/6c/18/c6/6c18c6606beeb9127275b7fd575f4e5f.png
https://static.boredpanda.com/blog/wp-content/uploads/2019/09/woman-yelling-at-cat-meme-smudge-lord-fb15-png__700.jpg
https://media.thetab.com/blogs.dir/90/files/2019/11/female-lunch-meal-food-pet-cat-animal-mammal-face-human-person.jpg
https://cdn.ebaumsworld.com/2019/07/05/031801/86009028/womanyellingatcatmeme2.jpeg
https://www.inkedmag.com/.image/ar_16:9%2Cc_fill%2Ccs_srgb%2Cfl_progressive%2Cg_faces:center%2Cq_auto:good%2Cw_768/MTY4NjA0NTY5MjIyMjYwNTAz/woman-yelling-at-cat-fb-.jpg
https://i.chzbgr.com/thumb800/9596421/hC50AE7FF/funny-dank-memes-entitled-woman-yelling-at-a-cat
https://66.media.tumblr.com/30243eb75aa86ee15c7f7f40923b148e/tumblr_pak3z2ET3g1r9qwkso1_500.jpg
https://pleated-jeans.com/wp-content/uploads/2019/11/auto-draft.png
https://cdn.ebaumsworld.com/2019/11/07/045154/86110760/woman-yelling-at-a-cat-meme-uno-reverse-card.jpg
https://i.imgur.com/12sprsX.jpg
https://media.thetab.com/blogs.dir/90/files/2019/11/dish-drink-beverage-animal-pet-cat-mammal-face-food-meal-person-human.jpeg
https://i.chzbgr.com/full/8641541/hD042A0EA/two-women-yelling-at-a-cat-memes-are-overly-aggro
https://scontent-lax3-1.cdninstagram.com/vp/370257c795d8c23478db94aa32b7a88e/5E490D97/t51.2885-15/sh0.08/e35/s640x640/74957146_508487333340051_8832749586758847780_n.jpg?_nc_ht=scontent-lax3-1.cdninstagram.com&_nc_cat=103
https://cfvod.kaltura.com/p/682882/sp/68288200/thumbnail/entry_id/0_q6flge6h/version/100032/width/362/height/252
https://lookaside.fbsbx.com/lookaside/crawler/media/?media_id=102297381213791
https://pleated-jeans.com/wp-content/uploads/2019/11/auto-draft-33.jpg
https://ruinmyweek.com/wp-content/uploads/2019/11/woman-yelling-at-cat-meme-27.jpg
https://i.imgur.com/DYgiIUS.jpg
https://i.pinimg.com/736x/3e/62/d7/3e62d7ea596fabaaa7f67232c97a08ec.jpg
https://static.boredpanda.com/blog/wp-content/uploads/2019/09/Heres-What-The-Cat-From-Woman-Yells-At-A-Cat-Meme-Looks-Like-In-Real-Life-5d725be9539e2__700.jpg
https://toofab.akamaized.net/2019/11/13/kyle-richards-meme-main-bravo-insta-tf-810x610.jpg
https://i.ytimg.com/vi/LSL6ZQNjI-k/maxresdefault.jpg
https://i.imgflip.com/37qipj.jpg
https://www.dailydot.com/wp-content/uploads/2019/08/woman-yelling-at-cat-1-489x512.png
https://pleated-jeans.com/wp-content/uploads/2019/11/auto-draft-35.jpg
https://themighty.com/wp-content/uploads/2019/11/xWoman-Yelling-at-a-Cat-640x213.jpg,qv=1574103565.pagespeed.ic.9wWhBM8D9k.jpg
https://cdn.ebaumsworld.com/2019/11/04/080942/86108211/meme-woman-yelling-at-a-cat-desktop-backgrounds.jpg
https://i.imgflip.com/34vnw3.jpg
https://i.ytimg.com/vi/PfkoN_WigJc/maxresdefault.jpg
https://thechive.files.wordpress.com/2019/11/woman-yelling-at-a-cat-meme-39.jpg?quality=100&strip=info&w=650
https://static.boredpanda.com/blog/wp-content/uploads/2019/09/Heres-What-The-Cat-From-Woman-Yells-At-A-Cat-Meme-Looks-Like-In-Real-Life-5d725be536cbe__700.jpg
https://i.ytimg.com/vi/rzUt5QAx0Cs/hqdefault.jpg
https://cdn.dopl3r.com//media/memes_files/nobody-wow-that-woman-yelling-at-cat-meme-is-famous-also-nobody-in-a-parallel-universe-hJkaE.jpg
https://i.pinimg.com/736x/be/28/43/be2843967be158f3fcdc57c1715ff9f2.jpg
https://i.redd.it/4ajcq92n4cm31.jpg
https://8list.ph/wp-content/uploads/2019/11/1-2.jpg
https://www.hindustantimes.com/rf/image_size_960x540/HT/p2/2019/11/16/Pictures/_ae6f07ce-085e-11ea-8da7-95ed4a38ab68.jpeg
https://i0.wp.com/hashtag3r.com/wp-content/uploads/2019/10/50-Woman-Yelling-at-a-Cat-Smudge-Funny-Memes-19.jpg?resize=699%2C400&ssl=1
https://mustsharenews.com/wp-content/uploads/2019/10/starhub-tampines-meme-wallpaper.jpg
https://i0.wp.com/www.spasticbastard.com/wp-content/uploads/2019/06/spasticbastard5-23.jpg?fit=680%2C680&ssl=1
https://starecat.com/content/wp-content/uploads/woman-yelling-at-a-cat-meme-two-screens-monitors-wallpapers-.jpg
https://i2.wp.com/www.spasticbastard.com/wp-content/uploads/2019/11/10_jAKnfdX.jpeg?resize=600%2C470&ssl=1
https://am21.akamaized.net/tv/cnt/uploads/2019/11/IMG_1942.jpg
https://cdn.ebaumsworld.com/thumbs/2019/11/20/072800/86121608/woman-yelling-at-a-cat-nut-rider-license-plate.jpg
https://pleated-jeans.com/wp-content/uploads/2019/11/auto-draft-47.jpg
http://justsomething.co/wp-content/uploads/2019/11/meet-smudge-the-confused-cat-from-the-woman-yelling-at-cat-meme-the-internet-has-fallen-in-love-with-758x397.jpg
https://video-images.vice.com/articles/5d76dbb069c9120008c7f6e8/lede/1568072652818-smudge-two-up.png?crop=1xw%3A0.8030403172504957xh%3Bcenter%2Ccenter&resize=2000%3A*
https://pbs.twimg.com/media/EH5uYLiWoAIBTbE.jpg
https://static.boredpanda.com/blog/wp-content/uploads/2019/09/B1pr7mVn0an-png__700.jpg
https://i.chzbgr.com/full/9579525/hE6C5A4C3/woman-yelling-at-cat-cat-memes-smudge-the-cat-funny-tweets-twitter-relatable-memes-relatable-tweets
https://66.media.tumblr.com/92fc0c4e871ea91b13ee9e4cd72e0b13/tumblr_pvw1zkuftz1tg3isvo1_r1_400.png
https://mothership.sg/wp-content/uploads/2019/10/cat-featured.jpg
https://res.cloudinary.com/teepublic/image/private/s--mWrW21Xk--/t_Resized%20Artwork/c_fit,g_north_west,h_954,w_954/co_000000,e_outline:48/co_000000,e_outline:inner_fill:48/co_ffffff,e_outline:48/co_ffffff,e_outline:inner_fill:48/co_bbbbbb,e_outline:3:1000/c_mpad,g_center,h_1260,w_1260/b_rgb:eeeeee/c_limit,f_jpg,h_630,q_90,w_630/v1573757095/production/designs/6731711_4.jpg
https://i.ytimg.com/vi/aGKMrVjFfTQ/hqdefault.jpg
https://photos.cltampa.com/wp-content/uploads/2019/11/3fhicv-300x250.jpg
https://i.redd.it/oouw3qhpwck31.jpg
https://pbs.twimg.com/media/EFiD0oFWoAAr4tg.png
https://i0.wp.com/www.spasticbastard.com/wp-content/uploads/2019/11/1101sp5.png?resize=409%2C299&ssl=1
http://betscsgo2.net/sites/bravo/files/2019-10/taylor-armstrong-cat-yelling-meme.jpg
https://ctl.s6img.com/society6/img/EUmSO5GNQnvKKQL4ZcJe-RXn9bs/w_700/prints/~artwork/s6-original-art-uploads/society6/uploads/misc/5f23b6cff84e450695557fcb214f2a16/~~/angry-meme-prints.jpg
https://pbs.twimg.com/media/EFKFB5BX4AMuzgV.jpg:large
https://i.imgflip.com/3cl60u.jpg
https://pics.ballmemes.com/my-mom-yelling-at-my-siblings-10-year-old-me-sell-woman-61507203.png
https://66.media.tumblr.com/6b5edd1871f605836a3966266b58f7c7/tumblr_pycpwuMr8Y1xoyw8po1_1280.jpg
https://img.republicworld.com/republic-prod/stories/promolarge/xxhdpi/eoxbcaia67q31gdb_1573885395.jpeg?tr=w-812,h-464
https://cheerfa.com/wp-content/uploads/2019/11/redirect-1643.jpg
https://i.ytimg.com/vi/oonEEE16-GI/maxresdefault.jpg
https://www.959theriver.com/wp-content/uploads/2019/11/Top-50-FUNNIEST-%E2%80%9CWoman-Yelling-at-Cat%E2%80%9D-MEMES-640x400.jpeg
https://steamuserimages-a.akamaihd.net/ugc/791993107332258127/B8DD22B2C56E3FC7232DF8473D45901959A245BA/?imw=637&imh=358&ima=fit&impolicy=Letterbox&imcolor=%23000000&letterbox=true
https://i.pinimg.com/474x/a9/3c/93/a93c931a9e6fcd583eee50a8af1c2fef.jpg
http://cdn.shopify.com/s/files/1/2466/1323/articles/euzwgvIOMnjL_6537_1200.jpg?v=1572079988
https://bmamusic.ru/img/3yILrFbmDzNNoO_n0IbTBA.jpg
https://pleated-jeans.com/wp-content/uploads/2019/11/auto-draft-34.jpg
https://lookaside.fbsbx.com/lookaside/crawler/media/?media_id=114003080043221
https://images-na.ssl-images-amazon.com/images/I/51NWTEXXsjL._SX569_.jpg
https://cheerfa.com/wp-content/uploads/2019/11/redirect-1631.jpg
https://st1.latestly.com/wp-content/uploads/2019/11/18.jpg
https://pics.ballmemes.com/wmemes-when-i-start-making-another-woman-yelling-cat-meme-60211121.png
http://memesem.com/wp-content/uploads/2019/06/two-women-yelling-at-a-cat-memes-are-overly-aggro-224x280.jpg
http://animalsbeingcute.com/wp-content/uploads/2019/09/women-yelling-at-cat-5.jpg
https://img.izismile.com/img/img12/20190909/640/meet_smudge_the_real_cathero_of_woman_yelling_at_a_cat_meme_640_03.jpg
https://i.ytimg.com/vi/_QpA4xVyIts/maxresdefault.jpg
https://www.meme-arsenal.com/memes/d68cffdd9a42a891d25c49341f2385cc.jpg
https://cdn.dopl3r.com//media/memes_files/screaming-lady-and-cat-meme-RNvuR.jpg
https://media.firstcoastnews.com/assets/WTLV/images/e101620d-2df8-4068-a7f6-da11b5720337/e101620d-2df8-4068-a7f6-da11b5720337_360x203.jpg
https://i.imgflip.com/3hg3i1.jpg
https://pics.me.me/cats-friend-yelling-at-girl-after-knowing-that-girl-had-61976118.png
https://nextlevela.com/wp-content/uploads/2019/11/bbbbbb-1.jpg
https://starecat.com/content/wp-content/uploads/woman-yelling-at-cat-meme-photoshopped-to-a-shark-eating-a-woman.jpg
https://ruinmyweek.com/wp-content/uploads/2019/11/woman-yelling-at-cat-meme-12.jpg
https://dn.truthorfiction.com/wp-content/uploads/2019/10/28123547/taylor_armstrong_woman_yelling_at_cat_meme_suicide_sad2-1024x536.png
https://66.media.tumblr.com/05ce38712d7a2be9fb57d5a031eeb267/tumblr_pvjcceSigx1vgtgtqo2_500.jpg
https://foxteeshirt.com/wp-content/uploads/2019/11/woman-yelling-cat-meme-ugly-christmas-shirt.jpg
https://i.ytimg.com/vi/6qL7ydOm6ps/maxresdefault.jpg
https://ih0.redbubble.net/image.869330878.6795/tapestry,1000x-pad,750x1000,f8f8f8.u9.jpg
https://pics.awwmemes.com/%D0%BC%D1%83-ct-pretending-me-explaining-to-girls-when-my-cat-58786662.png
https://i.imgur.com/8V8AZz2.png
https://m.media-amazon.com/images/I/A1jKzO%2B1adL._CLa%7C2140%2C2000%7C71tVZQIEqGL.png%7C0%2C0%2C2140%2C2000%2B0.0%2C0.0%2C2140.0%2C2000.0._UL1500_.png
https://res.cloudinary.com/teepublic/image/private/s--TFNTG3Sb--/c_crop,x_10,y_10/c_fit,h_1109/c_crop,g_north_west,h_1260,w_1260,x_0,y_-6/co_rgb:484849,e_colorize,u_Misc:One%20Pixel%20Gray/c_scale,g_north_west,h_1260,w_1260/fl_layer_apply,g_north_west,x_0,y_-6/bo_157px_solid_white/e_overlay,fl_layer_apply,h_1260,l_Misc:Art%20Print%20Bumpmap,w_1260/e_shadow,x_6,y_6/c_limit,h_1134,w_1134/c_lpad,g_center,h_1260,w_1260/b_rgb:eeeeee/c_limit,f_jpg,h_630,q_90,w_630/v1573851400/production/designs/6745477_0.jpg
https://img.memecdn.com/two-women-yelling-at-a-cat-part-1_o_3377699721002549.jpg
https://pics.me.me/me-relaxing-after-school-my-mom-yall-gonna-miss-me-59257708.png
https://img.izismile.com/img/img12/20190909/640/meet_smudge_the_real_cathero_of_woman_yelling_at_a_cat_meme_640_05.jpg
http://justsomething.co/wp-content/uploads/2019/11/meet-smudge-the-confused-cat-from-the-woman-yelling-at-cat-meme-the-internet-has-fallen-in-love-with-17.jpg
https://quinnshirt.com/wp-content/uploads/2019/11/merry-christmas-happy-holidays-woman-yelling-at-a-cat-meme-shirt.jpg
http://mms-images.out.customink.com/mms/images/catalog/colors/4600/views/alt/front_large_extended.png?design=edp0-00c2-eqhf&pblegacy=1&pblegacysize=big
https://pics.ballmemes.com/crazy-cat-lady-bitch-please-ineed-about-two-more-cats-52081341.png
https://cdn.ebaumsworld.com/2019/09/03/024036/86058410/5d6822bf4be36.jpeg
https://i.redd.it/u8kl9gr9gbk31.png
https://derpicdn.net/img/2019/8/13/2116722/medium.jpeg
https://aquafinashirt.com/wp-content/uploads/2019/11/merry-christmas-happy-holidays-woman-yelling-cat-meme-shirt.jpg
https://i.ytimg.com/vi/9u3yJeXJ20o/maxresdefault.jpg
https://camaelshirt.com/wp-content/uploads/2019/11/woman-yelling-at-a-cat-memes-t-shirt.jpg
https://ctl.s6img.com/society6/img/GEoUvF0xPQ594VnSjHMscGEamf0/w_700/framed-prints/10x12/scoop-black/~artwork/s6-original-art-uploads/society6/uploads/misc/d30c4d05828343e09795bd6171121eb7/~~/angry-meme-framed-prints.jpg
https://teeress.com/wp-content/uploads/2019/11/redirect-890.jpg
https://s31242.pcdn.co/wp-content/uploads/2019/10/halloween-2019.jpg
https://i.chzbgr.com/thumb800/9017861/h86F44C06/smudge-famous-cat-meme
https://thechive.files.wordpress.com/2019/11/woman-yelling-at-a-cat-meme-44.jpg?quality=100&strip=info&w=650
https://nobleteeshirt.com/wp-content/uploads/2019/11/woman-yelling-cat-meme-ugly-christmas-shirt-1.jpg
https://cuonvahut.com/wp-content/uploads/2019/11/Woman-Yelling-At-Cat-Meme-Ugly-Christmas-Sweater-1-600x405.jpg
https://i.imgur.com/FvCLMmF.jpg
https://www.cheatsheet.com/wp-content/uploads/2019/11/taylor-armstrong.jpg
https://pics.me.me/hey-are-you-one-of-them-crazy-cat-ladies-who-14942295.png
https://swagteeshirt.com/wp-content/uploads/2019/11/Woman-yelling-at-cat-meme-ugly-christmas-sweater.jpg
https://headtopics.com/images/2019/10/28/mashable/guy-absolutely-nails-his-woman-yelling-at-a-cat-meme-halloween-costume-1188875334260789248.webp
https://iteeme.com/wp-content/uploads/2019/11/woman-yelling-at-cat-meme-ugly-christmas-unisex-hoodie.png
http://teefima.com/content/uploads//images/November2019/woman-yelling-at-table-dinner-cat-meme-dank-meme-t-shirt.jpg
https://fafashirts.com/wp-content/uploads/2019/11/Awesome-Woman-yelling-at-a-white-cat-meme-shirt-sweater_2-1.jpg
https://frittertee.com/wp-content/uploads/Woman-yelling-at-cat-meme-christmas-Its-ho-ho-ho-hoe-Shirt.jpg
http://animalsbeingcute.com/wp-content/uploads/2019/09/women-yelling-at-cat-1.jpg
https://res.cloudinary.com/teepublic/image/private/s--oTC1IcUG--/c_crop,x_10,y_10/c_fit,h_1577/c_crop,g_north_west,h_1051,w_1051,x_110,y_263/l_upload:v1507037314:production:blanks:gbajnunp66ec7xftnpq1/fl_layer_apply,g_north_west,x_-105,y_-99/b_rgb:000000/c_limit,f_jpg,h_630,q_90,w_630/v1574241352/production/designs/6808090_0.jpg
https://lapmangvietteldanang.net/wp-content/uploads/2019/11/Woman-yelling-at-cat-meme-ugly-Christmas-shirt-780x405.jpg
https://memepedia.ru/wp-content/uploads/2019/11/dont-dead-open-inside-2.jpg
https://stepcdn.com/assets/2019-10/04/9/3b9mp/efz5cl9xsaea6lw-700x.jpg
https://pics.ballmemes.com/my-sister-saying-all-her-lego-is-gone-my-brother-62755497.png
https://www.cheatsheet.com/wp-content/uploads/2019/10/Taylor-Armstrong-Kyle-Richards.jpg
https://66.media.tumblr.com/d1e0b877e9efecf1c29404bce6dc2345/tumblr_pwu7ypZJkU1xoyw8po1_1280.png
https://cdn.acidcow.com/pics/20191105/1572977869_g30x51qcnq.jpg
https://66.media.tumblr.com/c39d7e1294a97ff8fc445457d87c4967/b5e35bc722053732-01/s640x960/8c56583b7bf71c8fb32f40a62c7e5bdbd4aeaee4.jpg
https://pics.me.me/me-the-manager-not-really-sure-what-to-do-karen-60639913.png
https://i.ytimg.com/vi/3cvIRuJu_tw/maxresdefault.jpg
https://cdn.kapwing.com/assets/logo.png
http://www.joeydevilla.com/wp-content/uploads/2019/11/shouting-at-yoda.jpg
https://wisptees.com/wp-content/uploads/2019/11/Woman-Yelling-Cat-Meme-Ugly-Christmas-Hoodie.jpg
https://shop.assets.soundandvision.com/product/b5d1726a59274e0c9395f4981295d217/c18c48cdb22d625f280378ad80c95df8ba00de4faf870d6c3ddbb524dd63c69f/l/woman-yelling-at-a-cat-meme-cartoon-popsockets-grip-and-stand-for-phones-and-tablets
https://s.hdnux.com/photos/01/07/14/64/18664750/3/core_breaking_now.jpg
https://cdn16.1cak.com/posts/6fb1e54944eff0e677f65e97b46c8c5c_t.jpg
http://teefima.com/content/uploads//images/November2019/cat-meme-woman-yelling-at-a-cat-christmas-t-shirt.jpg
https://demonstee.com/wp-content/uploads/Woman-yelling-at-table-dinner-cat-meme-dank-meme-Shirt-long-sleeved.jpg
https://ggshirts.net/wp-content/uploads/2019/11/Premium-Merry-Christmas-happy-holidays-Woman-yelling-at-a-cat-meme-shirt-sweater_3-1.jpg
https://img-s-msn-com.akamaized.net/tenant/amp/entityid/BBWU7rJ.img?h=0&w=720&m=6&q=60&u=t&o=f&l=f&x=1617&y=508
https://pics.awwmemes.com/when-you-are-a-cat-at-a-table-minding-your-61329342.png
https://t-shirtat.com/wp-content/uploads/2019/11/merry-christmas-happy-holidays-woman-yelling-cat-meme-guys-shirt.jpg
https://i.pinimg.com/originals/da/22/bf/da22bf110ef1b36daed538732edb3dd2.jpg
https://res.cloudinary.com/teepublic/image/private/s--uk37kmlG--/c_crop,x_10,y_10/c_fit,h_646/c_crop,g_north_west,h_734,w_1004,x_-255,y_-44/l_upload:v1466701074:production:blanks:ibu6swrzxdis4kiazjnn/fl_layer_apply,g_north_west,x_-386,y_-297/b_rgb:000000/c_limit,f_jpg,h_630,q_90,w_630/v1574154674/production/designs/6791933_0.jpg
https://thechive.files.wordpress.com/2019/11/cody-palm-halloween-costume-woman-yelling-at-a-cat-meme.jpg?quality=100&strip=info&w=600
http://animalsbeingcute.com/wp-content/uploads/2019/09/women-yelling-at-cat-8.jpg
https://frittertee.com/wp-content/uploads/Woman-yelling-at-cat-meme-merry-christmas-happy-holidays-Shirt.jpg
https://i.redd.it/8reg3mvvcke31.png
https://larrybrownsports.com/wp-content/uploads/2019/10/Stefon-Diggs.jpg
https://teespig.com/wp-content/uploads/2019/11/Cat-Meme-Woman-Yelling-at-Cat-Vintage-t-shirts.jpg
https://ih0.redbubble.net/image.857936371.5021/aps,650x642,small,transparent-pad,750x1000,f8f8f8.u3.jpg
https://thecount.com/wp-content/uploads/2019/11/thecount-325-1.jpg
https://pics.me.me/pauly-d-screaming-a-cat-62308361.png
https://noelfashiontees.com/wp-content/uploads/Woman-Yelling-At-Cat-Meme-Ugly-Christmas-shirt-ladies-tee.jpg
https://peapeatee.com/wp-content/uploads/Woman-yelling-at-table-dinner-cat-meme-Shirt-ladies-tee.jpg
https://teetshirts.net/tee/2019/10/Original-Woman-Yelling-At-A-Cat-Meme-shirt_1.jpg
https://66.media.tumblr.com/0411a09454267439da95d6bc3fffa861/tumblr_px73itSQBt1xoyw8po1_1280.jpg
https://hothotshirt.com/wp-content/uploads/2019/11/Couple-Woman-Yelling-At-Cat-Meme-Christmas-Raglan.jpg
https://ruinmyweek.com/wp-content/uploads/2019/11/woman-yelling-at-cat-meme-2.jpg
https://burgershirt.com/wp-content/uploads/2019/11/Woman-yelling-at-cat-meme-tshirt-woman-yelling-at-cat-custom-gift-tshirt-woman-yelling-at-cat-custom-meme-gift-tshirt-1.jpg
https://i.imgur.com/JzcUa4X.jpg
https://pbs.twimg.com/media/ECbhsNcW4AEgFiQ.jpg
https://images-wixmp-ed30a86b8c4ca887773594c2.wixmp.com/f/d5f31d7c-c777-4582-beb8-073e261a662a/ddbqsre-2802514f-4aca-4d98-a9f4-db242bcf97ab.jpg?token=eyJ0eXAiOiJKV1QiLCJhbGciOiJIUzI1NiJ9.eyJzdWIiOiJ1cm46YXBwOjdlMGQxODg5ODIyNjQzNzNhNWYwZDQxNWVhMGQyNmUwIiwiaXNzIjoidXJuOmFwcDo3ZTBkMTg4OTgyMjY0MzczYTVmMGQ0MTVlYTBkMjZlMCIsIm9iaiI6W1t7InBhdGgiOiJcL2ZcL2Q1ZjMxZDdjLWM3NzctNDU4Mi1iZWI4LTA3M2UyNjFhNjYyYVwvZGRicXNyZS0yODAyNTE0Zi00YWNhLTRkOTgtYTlmNC1kYjI0MmJjZjk3YWIuanBnIn1dXSwiYXVkIjpbInVybjpzZXJ2aWNlOmZpbGUuZG93bmxvYWQiXX0.BbxQPiTuaZYx4sBMLXt9r8tlXL6y6a7q9ejHA_w2ofk
https://images-na.ssl-images-amazon.com/images/I/61ggnJxcHbL._AC_UL160_SR160,160_.jpg
https://www.cheatsheet.com/wp-content/uploads/2019/11/taylorarmstrong-rhobh-1024x683.jpg
https://img.teeherivar.com/191125CFD2003-1.jpg
https://test.kuteeboutique.com/wp-content/uploads/2019/11/Funny-Merry-Christmas-happy-holidays-Woman-yelling-at-a-cat-meme-shirt_4.jpg
https://hothotshirt.com/wp-content/uploads/2019/11/Couple-Woman-Yelling-At-Cat-Meme-Christmas-Raglan-navy.jpg
https://dalatshirt.com/wp-content/uploads/2019/11/merry-christmas-happy-holidays-woman-yelling-cat-meme-sweater.jpg
https://bellacan.com/wp-content/uploads/2019/11/Woman-Yelling-At-Cat-Meme-Christmas-Sweater-Woman1.jpg
https://cmkt-image-prd.freetls.fastly.net/0.1.0/ps/7311601/600/400/m2/fpnw/wm0/uglyxmas-yelling-cat-13-ka_preview-.jpg?1573900417&s=1c7778ad201abea8c66ae6cbb8ad48ed
https://pingbog.com/wp-content/uploads/2019/11/Women-Yelling-At-Cat-At-Dinner-Table-Funny-Dank-Meme-Ugly-Christmas-T-Shirt-Funny-Cat-Lover-Gift-Smudge-Lord-The-Cat-Meme.jpg
https://ordertees.net/wp-content/uploads/2019/11/Cat-Meme-Woman-Yelling-at-Cat-Vintage-shirt.jpg
https://vevoshirt.com/wp-content/uploads/2019/11/Woman-Yelling-Cat-Meme-Ugly-Christmas-shirt-3.jpg
https://t-shirtat.com/wp-content/uploads/2019/11/merry-christmas-happy-holidays-woman-yelling-cat-meme-hoodie.jpg
https://kaisashirt.com/wp-content/uploads/2019/11/merry-christmas-happy-holidays-woman-yelling-cat-meme-ladies-tee.jpg
https://podxmas.com/wp-content/uploads/2019/11/woman-yelling-cat-meme-ugly-christmas-Sweater-600x600.jpg
https://img.izismile.com/img/img12/20190909/640/meet_smudge_the_real_cathero_of_woman_yelling_at_a_cat_meme_640_07.jpg
http://animalsbeingcute.com/wp-content/uploads/2019/09/women-yelling-at-cat-9.jpg
https://youmediafanpage.akamaized.net/video/XVZthOSwFFUiilmI_pd.jpg?1565945408085
https://ae01.alicdn.com/kf/H5a02d3c90ed84b2aa08a106adfa74405A.jpg_q50.jpg
https://images-cdn.9gag.com/photo/a2RPMVY_460s.jpg
https://ih1.redbubble.net/image.968032661.8766/mp,840x830,matte,f8f8f8,t-pad,1000x1000,f8f8f8.u3.jpg
https://vibete.com/wp-content/uploads/2019/11/Woman-yelling-at-table-dinner-cat-meme-dank-meme-tshirt.jpg
https://omgshirts.net/img/2019/11/Funny-Woman-Yelling-Confused-Cat-meme-Dinner-ugly-Christmas-shirt_2-1.jpg
https://66.media.tumblr.com/5e82b3aa3f569e3154488e24a44c6649/tumblr_px31phihz11qjkedbo2_500.png
https://pdnshirt.com/wp-content/uploads/2019/11/Cat-meme-woman-yelling-at-a-cat-Christmas-hoodie.jpg
https://res.cloudinary.com/teepublic/image/private/s--IzW6Lj7A--/c_crop,x_10,y_10/c_fit,h_1391/c_crop,g_north_west,h_1038,w_1038,x_258,y_211/l_upload:v1565806151:production:blanks:vdbwo35fw6qtflw9kezw/fl_layer_apply,g_north_west,x_-111,y_-111/b_rgb:484849/c_limit,f_jpg,h_630,q_90,w_630/v1573851400/production/designs/6745477_0.jpg
https://thealleytees.com/wp-content/uploads/Woman-yelling-at-table-dinner-cat-meme-dank-meme-shirt-long-sleeved.jpg
https://trendcreed.com/wp-content/uploads/2019/11/woman-yelling-at-a-cat-meme-doorbell-ditching-1-563x1024.jpg
https://memestatic1.fjcdn.com/thumbnails/comments/+_4de8fb1a1b1ecd79314b853b5665001c.jpg
https://newsusashirt.com/wp-content/uploads/2019/11/Sweater-Black-325.jpg
http://teefima.com/content/uploads//images/November2019/woman-yelling-at-table-dinner-cat-meme-dank-meme-shirts.jpg
https://shop.assets.soundandvision.com/product/85041f5462b64a219a930325b64ae752/41f7dbcc6c91d79974ed0bc4da1af3a402924fe854ad8befce06f435c0e1b929/l/woman-yelling-at-a-cat-confused-cat-meme-popsockets-grip-and-stand-for-phones-and-tablets
https://ctl.s6img.com/society6/img/WtoYL8zUZ_U27rqzXulOi8xr6rM/w_700/prints/~artwork/s6-original-art-uploads/society6/uploads/misc/77cbdc0038534d568742b246c61467c0/~~/woman-yelling-at-a-cat-meme-picasso-style-prints.jpg
http://www.joeydevilla.com/wp-content/uploads/2019/11/starscream-yelling-at-ravage.jpg
https://2020coloringshirts.com/wp-content/uploads/2019/11/official-woman-yelling-cat-meme-ugly-christmas-sweater.jpg
https://i1.wp.com/bestlifeonline.com/wp-content/uploads/2018/06/cat-meme-59.jpg?resize=1024%2C900&ssl=1
https://www.buytshirtdesigns.net/wp-content/uploads/2019/11/Untitled-2-13-600x450.jpg
https://2020huaweitee.com/wp-content/uploads/2019/11/woman-yelling-cat-meme-ugly-christmas-unisex-600x600.jpg
https://customxmas.com/wp-content/uploads/2019/11/merry-christmas-happy-holidays-woman-yelling-cat-meme-Longsleeved-600x600.jpg
https://i.redd.it/wf9negh2imo31.jpg
https://pingbog.com/wp-content/uploads/2019/11/Woman-yelling-at-cat-meme-tshirt-woman-yelling-at-cat-custom-gift-tshirt.jpg
https://cdn.drawception.com/drawings/sp70awjB0g.png
https://premiumleggings.net/images/Woman-yelling-at-a-white-cat-meme-shirt-1.jpg
https://img.izismile.com/img/img12/20190909/640/meet_smudge_the_real_cathero_of_woman_yelling_at_a_cat_meme_640_08.jpg
https://cdn.ebaumsworld.com/thumbs/2019/07/05/031653/86009020/womanyellingatcatmeme14.jpg
https://cuonvahut.com/wp-content/uploads/2019/11/Woman-Yelling-At-Cat-Meme-Christmas-Raglan-Baseball-Tee-Sweater-600x405.jpg
https://kaisashirt.com/wp-content/uploads/2019/11/woman-yelling-table-dinner-cat-meme-vintage-shirt.jpg
https://pics.ballmemes.com/a-random-old-lady-screaming-at-me-tomorrow-for-disrespecting-59876712.png
https://krenck.com/wp-content/uploads/2019/05/kyle-punches-drywall-memes-roast-aggro-monster-chugging-white-boys.png
https://pleated-jeans.com/wp-content/uploads/2019/11/auto-draft-43.jpg
https://mashirts.com/wp-content/uploads/2019/11/Awesome-Ugly-Christmas-Woman-Yelling-Cat-Meme-shirt_4.jpg
https://hothotshirt.com/wp-content/uploads/2019/11/Couple-Woman-Yelling-at-a-Cat-Meme-Ugly-Christmas-Sweater.jpg
https://burgershirt.com/wp-content/uploads/2019/11/Woman-yelling-at-table-dinner-cat-meme-dank-meme-T-Shirts-3.jpg
https://66.media.tumblr.com/f56d5d9958cd51657ab5d40689318aa4/tumblr_pxugicMcuY1tt8pteo1_400.png
https://cdn.drawception.com/drawings/LmCqcKjXjN.png
https://lancasteronline.com/app/Staff/erin_negley.jpg
https://steamuserimages-a.akamaihd.net/ugc/789741942200953915/51340D284D88469E7AC95D6794A444FAAB1817AA/?imw=637&imh=358&ima=fit&impolicy=Letterbox&imcolor=%23000000&letterbox=true
https://test.kuteeboutique.com/wp-content/uploads/2019/11/Premium-Woman-yelling-at-a-white-cat-meme-shirt_1.jpg
https://hotnewstee.com/wp-content/uploads/2019/11/woman-yelling-at-table-dinner-cat-meme-vintage-hoodie.jpg
https://mamyshirts.com/wp-content/uploads/2019/11/Hot-Ugly-Christmas-Woman-Yelling-Cat-Meme-shirt_4.jpg
https://memestatic.fjcdn.com/gifs/Woman+yelling+at+a+cat+gif_ff475e_7348014.gif
https://cheerfa.com/wp-content/uploads/2019/11/redirect-1609.jpg
https://kuteeboutique.com/wp-content/uploads/2019/11/Premium-Woman-Yelling-Cat-Meme-Ugly-Christmas-shirt_3-1-510x510.jpg
https://teeress.com/wp-content/uploads/2019/11/redirect-906-600x600.jpg
https://cuonvahut.com/wp-content/uploads/2019/11/2-5-600x405.jpg
https://thebanatees.com/wp-content/uploads/Ok-Boomer-woman-yelling-at-table-dinner-cat-meme-shirt-ladies-tee.jpg
https://res.cloudinary.com/teepublic/image/private/s--Mdi8dLOR--/c_crop,x_10,y_10/c_fit,w_1210/c_crop,g_north_west,h_840,w_1260,x_-25,y_-65/co_rgb:fcfcfc,e_colorize,u_Misc:One%20Pixel%20Gray/c_scale,g_north_west,h_840,w_1260/fl_layer_apply,g_north_west,x_-25,y_-65/bo_0px_solid_white/t_Resized%20Artwork/c_fit,g_north_west,h_1054,w_1054/co_ffffff,e_outline:53/co_ffffff,e_outline:inner_fill:53/co_bbbbbb,e_outline:3:1000/c_mpad,g_center,h_1260,w_1260/b_rgb:eeeeee/c_limit,f_jpg,h_630,q_90,w_630/v1574626649/production/designs/6874683_2.jpg
https://yeyvibe.com/wp-content/uploads/2019/11/Cat-Meme-Woman-Yelling-at-Cat-Vintage-t-shirt-247x296.jpg
https://images-na.ssl-images-amazon.com/images/I/41qPiFKebTL._SX331_BO1,204,203,200_.jpg
https://stepcdn.com/assets/2019-10/04/8/z3cyn/capture-png-625x395.png
https://limotees.com/photos/Woman-Yelling-at-a-Cat-Meme-Funny-T-Shirt-3.jpg
https://saleoffshirt.com/wp-content/uploads/2019/11/Confused-Cat-at-Dinner-Woman-Yelling-at-Cat-Meme-hoodie.jpg
https://ih1.redbubble.net/image.930979204.6581/throwpillow,detail,750x1000-bg,f8f8f8.u2.jpg
https://teesporting.com/wp-content/uploads/2019/09/Hot-Woman-Yelling-At-A-Cat-Meme-shirt_3-1.jpg
https://66.media.tumblr.com/0668be42d9dbfeef6bdeb599216b8123/tumblr_pyapacPcCs1xoyw8po1_1280.jpg
https://hothotshirt.com/wp-content/uploads/2019/11/Woman-yelling-at-a-cat-meme-christmas-sweater.jpg
https://i.imgur.com/g6q0pQu.jpg
https://pics.me.me/me-explaining-that-this-is-just-the-girl-screaming-at-60985494.png
https://teetoro.com/wp-content/uploads/2019/11/Woman-Yelling-Cat-Meme-At-Table-Christmas-T-Shirts-1.jpg
https://res.cloudinary.com/teepublic/image/private/s--NzjF9AjY--/c_scale,h_704/c_lpad,g_north_west,h_801,w_1802,x_147,y_48/c_crop,h_801,w_691,x_125/c_mfit,g_north_west,u_misc:Mug%20Effect%20Coffee3%20Left/e_displace,fl_layer_apply,x_14,y_-2/c_mfit,g_north_east,u_misc:Mug%20Effect%20Coffee3%20Right/e_displace,fl_layer_apply,x_-14,y_-2/c_crop,h_801,w_656/g_north_west,l_upload:v1466696262:production:blanks:w00xdkhjelyrnp8i8wxr,x_-410,y_-235/b_rgb:000000/c_limit,f_jpg,h_630,q_90,w_630/v1574242008/production/designs/6808189_0.jpg
https://omgshirts.net/img/2019/11/Premium-Woman-Yelling-Cat-Meme-Ugly-Christmas-shirt_2-1.jpg
https://i0.wp.com/bestspecialnews.com/wp-content/uploads/2019/08/5484464_082119-kgo-kittens-img_Image_16-52-20,18.jpg?resize=800%2C445&ssl=1
https://ctl.s6img.com/society6/img/FEpf1nwYf_jeJ0wTejG3P1fgiRc/w_700/tshirts/men/greybg/black/~artwork,bg_FFFFFFFF,fw_3303,fh_5106,fx_-62,fy_199,iw_3401,ih_2352/s6-original-art-uploads/society6/uploads/misc/9b000add8c65475f8e0df50b63156ac5/~~/angry-meme-tshirts.jpg
https://pics.ballmemes.com/queen-of-the-rising-demons-some-kindofhelicoptervalentine-cr-est-he-yelled-at-me-until-824474.png
http://teefima.com/content/uploads//images/November2019/cat-meme-woman-yelling-at-a-cat-christmas-navy-shirt.jpg
https://www.dictionary.com/e/wp-content/uploads/2018/04/cat-lady.jpg
https://shirtoid.com/wp-content/uploads/2019/11/Yelling-At-A-Cat-Sweater.jpg
https://kuteeboutique.com/wp-content/uploads/2019/11/Great-Woman-Yelling-Cat-Meme-Ugly-Christmas-shirt_2-1-510x613.jpg
https://pingbog.com/wp-content/uploads/2019/11/Cat-Meme-Woman-Yelling-at-a-Cat-Christmas-T-Shirt-3.jpg
https://teejeep.com/photos/Woman-Yelling-Cat-Meme-Ugly-Christmas-shirt-2.jpg
https://ih1.redbubble.net/image.925191982.3008/poster,840x830,f8f8f8-pad,750x1000,f8f8f8.u8.jpg
https://66.media.tumblr.com/a0d5277c620da170904b8f43608f6d73/tumblr_pxwpueFDAX1vntq6no1_400.png
https://i.dailymail.co.uk/i/pix/scaled/2011/12/06/article-2070491-0F11FE2900000578-579_308x185.jpg
https://66.media.tumblr.com/b453038a00985eea9315927ef7b09d19/tumblr_pwzug7UrKK1xoyw8po1_1280.png
https://i.redd.it/yh5eugbv2ui31.jpg
https://pingbog.com/wp-content/uploads/2019/11/Woman-yelling-at-table-dinner-cat-meme-dank-meme-T-Shirts-1-1-600x626.jpg
https://hothotshirt.com/wp-content/uploads/2019/11/Woman-Yelling-At-Cat-Meme-Ugly-Christmas-Sweater-300x300.jpg
https://storage.googleapis.com/kapwing/final_5d294292dd42ce00144a8c08_478356.jpg
https://images.indianexpress.com/2019/11/mom_1200.jpg
https://ih1.redbubble.net/image.869330864.6795/throwpillow,36x36,750x1000-bg,f8f8f8.u9.jpg
https://pics.onsizzle.com/me-woman-yelling-at-cat-meme-woman-yelling-at-cat-65959013.png
https://pingbog.com/wp-content/uploads/2019/11/Woman-yelling-at-table-dinner-cat-meme-dank-meme-Tee-Shirt-2-600x600.jpg
https://cdn20.1cak.com/posts/7acd62dfeddbc45e52a2484c2d5935fa_t.jpg
https://ih1.redbubble.net/image.857936376.5021/throwpillow,36x36,750x1000-bg,f8f8f8.u3.jpg