https://ih1.redbubble.net/image.369410131.7576/tapestry,1000x-pad,750x1000,f8f8f8.u1.jpg
https://www.dailydot.com/wp-content/uploads/fa7/c2/cd80efadc3155ef0-e1494957990740.jpg
https://imgflip.com/s/meme/Mocking-Spongebob.jpg
https://i.kym-cdn.com/photos/images/newsfeed/001/252/994/032.jpg
https://i.kym-cdn.com/photos/images/newsfeed/001/252/988/4af.jpg
https://www.dailydot.com/wp-content/uploads/26d/cd/d1fab4d63cdf836f-502x512.png
https://i.ytimg.com/vi/a3ooD9FmOzo/maxresdefault.jpg
https://img.maximummedia.ie/joe_co_uk/eyJkYXRhIjoie1widXJsXCI6XCJodHRwOlxcXC9cXFwvbWVkaWEtam9lY291ay5tYXhpbXVtbWVkaWEuaWUuczMuYW1hem9uYXdzLmNvbVxcXC93cC1jb250ZW50XFxcL3VwbG9hZHNcXFwvMjAxN1xcXC8wNVxcXC8xMDE4MTkxMlxcXC9tb2NraW5nLXNwb25nZWJvYi0xMDI0eDUxMi5qcGdcIixcIndpZHRoXCI6NzY3LFwiaGVpZ2h0XCI6NDMxLFwiZGVmYXVsdFwiOlwiaHR0cHM6XFxcL1xcXC93d3cuam9lLmNvLnVrXFxcL2Fzc2V0c1xcXC9pbWFnZXNcXFwvam9lY291a1xcXC9uby1pbWFnZS5wbmc_aWQ9MGE4OTc2MWQwYTNjNmY1MWY3ZDZcIixcIm9wdGlvbnNcIjpbXX0iLCJoYXNoIjoiNzcyNzUzODgzMzU1MDIyMTk0YmZiNGU2YWVmYmVlM2EzNzMxNjhmZiJ9/mocking-spongebob-1024x512.jpg
https://ih0.redbubble.net/image.369410020.7576/poster,840x830,f8f8f8-pad,750x1000,f8f8f8.u1.jpg
https://i.pinimg.com/originals/22/a0/b7/22a0b797858bedcfd5b6242ae011fdf1.jpg
https://i.kym-cdn.com/photos/images/newsfeed/001/253/011/0b1.jpg
https://cdn.mobilesyrup.com/wp-content/uploads/2019/01/mocking-spongebob.jpg
https://i.pinimg.com/originals/71/3c/50/713c5025992a3bd36a50548b2c3bfeec.jpg
https://www.dailydot.com/wp-content/uploads/57f/6c/9055ebfa31c8550e-e1494349501884.jpg
https://ih0.redbubble.net/image.370185597.7746/mp,840x830,matte,f8f8f8,t-pad,750x1000,f8f8f8.u1.jpg
https://s.yimg.com/ny/api/res/1.2/BSZTvEzezDCLJZZEU0HpPw--~A/YXBwaWQ9aGlnaGxhbmRlcjtzbT0xO3c9ODAw/https://media.zenfs.com/en-us/news.mashable/63f90a7c8bd0bcdff35b9c00aae4da47
https://pics.me.me/you-cant-use-mocking-spongebob-after-2016-it-has-no-32255290.png
https://afinde-production.s3.amazonaws.com/uploads/e43a3c37-d623-49e3-b419-e853bd7ed034.jpg
https://i.kym-cdn.com/entries/icons/original/000/022/940/mockingspongebobbb.jpg
https://i.redd.it/s7t87ndw075z.jpg
https://i.imgur.com/KOQacex.jpg
https://pics.me.me/mocking-spongebob-squarepants-sponge-bob-square-pants-blank-54324087.png
https://i.pinimg.com/originals/03/42/95/0342952a4a82c1c466a2d7a6e9a93af7.jpg
https://i.ytimg.com/vi/a3ooD9FmOzo/hqdefault.jpg
https://geeksoncoffee.com/wp-content/uploads/2019/10/mocking-spongebob.jpg
https://hips.hearstapps.com/hmg-prod.s3.amazonaws.com/images/mocking-spongebob-1556133078.jpg?crop=0.785xw:0.770xh;0.111xw,0.230xh&resize=640:*
https://beckyjoyce.coventry.domains/wp-content/uploads/2018/11/spongebob-3.jpg
https://i.imgflip.com/1p8e6m.jpg
https://assets.teenvogue.com/photos/5913415c7efd7825958ed1c0/4:3/w_692,h_519,c_limit/tout.jpg
https://d.newsweek.com/en/full/1404673/spongebob-meme-toys-nickelodeon-figures-where-buy-mocking-spongebob-toy-amazon.jpg?w=1600&h=1600&q=88&f=d3decd3bd356b5b89f385cb824d412d2
https://lookaside.fbsbx.com/lookaside/crawler/media/?media_id=342297626173662
https://i.pinimg.com/originals/fa/3b/c7/fa3bc78a318de63564b0fec616eb62a9.png
https://pics.me.me/doctor-moderation-me-moderation-imgflip-com-meme-generator-mocking-spongebob-51869317.png
https://i.ytimg.com/vi/aQgyKjBK7Ow/hqdefault.jpg
https://beckyjoyce.coventry.domains/wp-content/uploads/2018/11/spongebob--1024x956.jpg
https://66.media.tumblr.com/81e07e5ffe60351adeae517fa8a8172e/tumblr_ppuhlsYCxK1xoyw8po1_400.jpg
https://lookaside.fbsbx.com/lookaside/crawler/media/?media_id=309140019519872
https://images-na.ssl-images-amazon.com/images/I/81myKRUNw7L._SL1500_.jpg
https://pics.awwmemes.com/spongebob-memes-are-cringe-dude-92-mocking-spongebob-meme-generator-50578624.png
https://s2.dmcdn.net/v/KdyK51PFDnXrgDCjz/x1080
http://dailylolpics.lolpics.com/wp-content/uploads/2017/05/Mocking-SpongeBob-Groot.jpg
https://i.imgflip.com/32nsas.jpg
https://pics.me.me/fb-weneed-toinvestigate-vourties-to-russia-trump-weneenvestigate-youttiestorussia-imgfipcom-mocking-49223760.png
https://i.kym-cdn.com/photos/images/newsfeed/001/253/931/8bd.jpg
https://pics.ballmemes.com/when-someone-borrows-your-laptop-before-you-clear-your-browsing-50680970.png
https://img.memecdn.com/mocking-spongebob-is-the-datboi-of-2017-only-10-times-worse-and-unfunny_o_7171129.jpg
https://hips.hearstapps.com/hmg-prod.s3.amazonaws.com/images/sponge-1563220381.jpg?crop=0.502xw:1.00xh;0.192xw,0&resize=640:*
https://i.ytimg.com/vi/ZGQZTmE7GCk/maxresdefault.jpg
https://pics.awwmemes.com/mocking-naruto-%3E-mocking-spongebob-credit-naruto-35240720.png
https://i.redd.it/m1fpwuy485yy.jpg
https://res.cloudinary.com/teepublic/image/private/s--6rtsMys8--/t_Preview/b_rgb:191919,c_limit,f_jpg,h_630,q_90,w_630/v1512575004/production/designs/2147694_1.jpg
https://i.imgflip.com/3b3i9l.jpg
https://i.etsystatic.com/18164051/r/il/084f27/1743455181/il_570xN.1743455181_n38a.jpg
https://media.tenor.com/images/aab853c94e3f445989de298fd666ee95/tenor.gif
https://cdn2-www.mandatory.com/assets/uploads/gallery/best-of-mocking-spongebob-meme/thumbs/thumbs_5-mocking-spongebob.jpg
https://i.ytimg.com/vi/uy2XTN5gdzU/maxresdefault.jpg
https://coconuts.co/wp-content/uploads/2017/12/45c-576x1024.png
https://www.pikpng.com/pngl/m/542-5426739_spongemock-new-spongebob-meme-mocking-spongebob-meme-dur.png
https://i.etsystatic.com/10764386/r/il/b6517d/1608665130/il_570xN.1608665130_kyji.jpg
https://i.kym-cdn.com/photos/images/original/001/255/128/c16.jpeg
https://pics.ballmemes.com/mocking-spongebob-150-hf-basic-mock-shield-when-mock-use-49072127.png
https://pics.loveforquotes.com/the-logster-opoedameron-dont-use-that-weird-spongebob-mocking-meme-52592197.png
https://photo-invivo.com/wp-content/uploads/2019/03/spongebob-mocking-meme-luxury-funny-mocking-spongebob-memes-17-pics-of-spongebob-mocking-meme.jpg
https://pics.me.me/no-u-literally-any-other-stallone-spongebob-meme-mocking-spongebob-52861636.png
https://pics.onsizzle.com/5hours-later-imgflip-com-mocking-spongebob-meme-imgflip-50723895.png
https://cdn.shopify.com/s/files/1/0150/0643/3380/products/Mocking-SpongeBob-Masterpiece-Meme_-_Side_2_800x.png?v=1563223103
https://pics.awwmemes.com/ill-have-you-know-that-i-finished-my-homework-andionly-52138256.png
https://i.ytimg.com/vi/ttZtAQ-YQSs/maxresdefault.jpg
https://i.pinimg.com/originals/30/f8/8a/30f88a741221bbb0387a2067c9a92a87.jpg
https://ih0.redbubble.net/image.369410109.7576/gbra,6x6,1000x1000-c,0,0,675,900.u1.jpg
https://pics.conservativememes.com/92-mocking-spongebob-meme-generator-imgflip-spongebob-meme-53277878.png
https://pics.ballmemes.com/and-the-sausage-imgflip-com-93-mocking-spongebob-meme-generator-imgflip-52923358.png
https://i.imgflip.com/2pt0z2.jpg
https://media.comicbook.com/2019/04/mocking-spongebob-figure-top-1168403-1280x0.jpeg
https://memegenerator.net/img/instances/76949031.jpg
https://images-na.ssl-images-amazon.com/images/I/51VQlU6-3JL._SY679_.jpg
https://www.dailydot.com/wp-content/uploads/828/51/050379480b35fa50.png
https://i.pinimg.com/564x/e0/34/22/e03422fe2d29f8f7443e63e2fba52202.jpg
https://ih0.redbubble.net/image.369410097.7576/scarf,x900-pad,750x1000,f8f8f8.u1.jpg
https://target.scene7.com/is/image/Target/GUEST_436c36a4-200c-456e-ae9b-3364cbfef402?wid=488&hei=488&fmt=pjpeg
https://i.kym-cdn.com/photos/images/facebook/001/358/739/3ac.jpg
https://pics.conservativememes.com/its-my-birthday-mocking-spongebob-meme-imgflip-50013547.png
https://pics.awwmemes.com/mocking-spongebob-meme-youtube-51325303.png
https://i.imgflip.com/37bpx3.jpg
https://pics.me.me/twelve-seconds-later-rl-mocking-spongebob-meme-generator-imgurl-51212394.png
https://pics.ballmemes.com/ilove-you-imgflip-com-mocking-spongebob-meme-imgflip-funny-52138226.png
https://pics.loveforquotes.com/tamron-idm-cuon-d-mcdonalds-1d0int-g3t-p-1d3nough-imgflip-com-mocking-spongebob-meme-52138238.png
https://www.techheadlines.us/wp-content/uploads/2019/05/1556748002_61_spongebob-memes-mocking-spongebob-caveman-spongebob-and-more-rule-internet-culture-vox-com.jpg
https://pics.onsizzle.com/german-minister-of-defence-kanzler-there-are-nazis-in-our-50172941.png
http://clipart-library.com/new_gallery/22-220824_meme-png-pluspng-mocking-spongebob.png
http://sticknodes.com/thumbs/mockingspongebobmeme.jpg
https://hottopic.scene7.com/is/image/HotTopic/11829707_av2?$pdp_hero_large$
https://www.gtplanet.net/forum/media/tom-kenny-doing-the-mocking-spongebob-meme.40763/full
https://cdn180.picsart.com/232698139065202.jpg?r1024x1024
http://elwright.coventry.domains/wp-content/uploads/2017/11/image1.jpeg
https://i.imgflip.com/3bmso1.jpg
https://i.pinimg.com/564x/e3/33/6c/e3336cb794a15191c3cb9467d6861217.jpg
https://assets.teenvogue.com/photos/59288baa99421c6ebfe741e3/master/w_3000,h_2000,c_limit/MAIN.png
https://i.kym-cdn.com/photos/images/original/001/253/935/655.png
https://pics.ballmemes.com/8-15-27-instagram-5-hours-ago-stanaustralia-stan-sponsored-spongebob-60261226.png